0.000000000000000000e+00,1.854164475082427899e+01,9.028505127758383253e+01,1.788929122950629136e+01,8.628100602684196474e+01,1.727086202254958458e+00,4.564662558211817767e-01
3.333333333333333287e-02,2.089776549883885792e+01,9.194808500651494398e+01,1.720657258804145329e+01,9.065478040226770418e+01,8.108497341868147190e-01,1.264123492852882835e+00
6.666666666666666574e-02,2.174077905447171233e+01,8.949741833327897211e+01,1.919307179074994352e+01,8.921517539700811028e+01,4.281227097365148948e-01,3.060557281408774477e-01
1.000000000000000056e-01,2.425715038568971238e+01,9.340644375499472574e+01,2.149204003334456914e+01,8.893908830973576585e+01,1.801398868655550156e-01,1.850805014028256590e+00
1.333333333333333315e-01,2.289726312154656185e+01,9.373139699916045231e+01,1.986429740341000993e+01,8.682016988013576508e+01,1.946530947811615508e+00,4.400022564559498695e-01
1.666666666666666574e-01,2.490476880809518789e+01,9.118730731572883030e+01,1.712804747359666990e+01,8.734385279604289565e+01,8.739653253601892269e-01,1.650735687636389892e+00
2.000000000000000111e-01,1.995571848406577686e+01,8.941237158376004857e+01,9.631169792459996160e+00,8.685190390043723596e+01,8.059365331937826116e-02,1.339320937675944068e+00
2.333333333333333370e-01,1.568999292908387311e+01,8.884266693187049668e+01,7.331115386285923741e+00,8.599582705929060467e+01,1.382581928990520126e+00,1.751790437739129958e-01
2.666666666666666630e-01,1.156013079421776624e+01,8.768627750217578409e+01,2.035034456859892593e+00,8.666908261954995396e+01,1.626602318561809826e-02,9.993421154455209843e-01
2.999999999999999889e-01,6.410840020232448921e+00,8.417365797044422493e+01,4.398705354995532169e+00,8.509270015771184603e+01,2.100765122022880682e+00,8.647725898785447729e-01
3.333333333333333148e-01,6.401496695235356915e-01,8.454608111140873916e+01,-2.908390223505518679e-01,8.462660226040611633e+01,6.479730863683613729e-01,1.582616404416955225e-01
3.666666666666666408e-01,-1.053918372862822928e+01,8.262953199682129934e+01,3.027245182279990843e+00,8.549339311623168669e+01,2.627725448941403696e-01,1.943198478226005055e-01
4.000000000000000222e-01,-1.843494882292200998e+01,8.207674071662134452e+01,1.415985876590555570e+01,8.483153202366170831e+01,9.797088361646375532e-01,3.759678478866718826e-02
4.333333333333333481e-01,-2.446979861245414511e+01,7.929431508952770002e+01,1.004934858812487342e+01,8.562225907125991853e+01,2.570685330759435949e+00,5.963053958766341769e-03
4.666666666666666741e-01,-2.702463313460795646e+01,7.814022087905202341e+01,1.053386180968448826e+01,8.448130588494377946e+01,7.115406744963976848e-01,2.396481879140111015e-01
5.000000000000000000e-01,-3.351101879784079784e+01,7.621368201132804643e+01,1.570863782901574446e+01,8.574397327451633544e+01,2.327264639731293216e-01,1.792872631734603039e-01
5.333333333333333259e-01,-3.524757505834622151e+01,7.456035446468074213e+01,9.502194003616594387e+00,8.499608004775966208e+01,9.531413161837947179e-01,2.997637149818951235e-04
5.666666666666666519e-01,-4.154668374946890452e+01,7.330075576600638954e+01,0.000000000000000000e+00,8.582143103111053506e+01,6.282289710718170772e-01,6.689505111423052312e-03
5.999999999999999778e-01,-3.790525083238896542e+01,7.242481416345802359e+01,-1.286710414001906067e+01,8.635881474209865871e+01,3.465152969916241998e-01,9.984293841861177077e-01
6.333333333333333037e-01,-3.674411128478326560e+01,7.212912642152035403e+01,-3.428687697720896210e+01,8.616773025380521744e+01,1.672884968205262946e-01,1.514134519090755582e+00
6.666666666666666297e-01,-2.944112918171866866e+01,7.062841887821755904e+01,1.032620954738570695e+01,8.445468269113796111e+01,1.132265492276836455e-01,1.682504986923459289e-01
6.999999999999999556e-01,-3.518874313200394965e+01,7.219812794850912496e+01,5.527540151656172185e+00,8.716333989887455402e+01,8.242101278695421751e-01,1.597077212754708098e-01
7.333333333333332815e-01,-3.334749594591360733e+01,7.196571443287014347e+01,1.858493743190947001e+01,8.549988629157934383e+01,1.815691612077423994e-02,2.054466961385795987e+00
7.666666666666666075e-01,-3.051023740611555368e+01,7.132665125115772753e+01,9.605204155012946998e+00,8.564302499415370562e+01,1.650695836661263960e-01,6.707351852272178672e-01
8.000000000000000444e-01,-2.885028990825638573e+01,7.039591184917057376e+01,8.633419827363756127e+00,8.543677024576214762e+01,8.300579072645892786e-01,7.183942821943094248e-02
8.333333333333333703e-01,-1.915238977940374454e+01,7.084186095141724593e+01,5.383701676811754488e+00,8.587523339385762711e+01,4.594964998236528708e-01,2.334014477686273403e-01
8.666666666666666963e-01,-2.076096487342089603e+01,7.125024236968887692e+01,-2.741403937332207996e-01,8.726066427808142123e+01,1.395285866989480539e+00,9.385535474922093169e-01
9.000000000000000222e-01,-1.833832871296981892e+01,7.266073851195952216e+01,1.357465844530608923e+00,8.733699923393285758e+01,5.639658278673412850e-01,2.388241873512446212e+00
9.333333333333333481e-01,-1.447029410006588712e+01,7.227431620507249477e+01,6.404352726384141548e+00,8.732457334397085447e+01,3.908046698564366928e-01,1.667210603827003590e+00
9.666666666666666741e-01,-9.360190801913326197e+00,7.156505117707799002e+01,5.672664098579344172e-01,8.863607246839707443e+01,1.025883685603206676e-02,2.490590633599591097e+00
1.000000000000000000e+00,-5.314545669944750195e+00,7.242481416345802359e+01,-1.112399616297792271e+00,8.642366562500265559e+01,2.188780075337162095e-02,2.269567689894266938e+00
1.033333333333333215e+00,-1.767827055856069141e+00,7.243670394548331615e+01,-4.528824236932539549e+00,8.840885972880542454e+01,1.488025899047986378e-01,1.310666985699591613e+00
1.066666666666666652e+00,3.990913098429780259e+00,7.330075576600638954e+01,-7.343008117006823987e+00,8.789834567232871620e+01,1.140972906098864648e-01,1.346713109201188363e+00
1.100000000000000089e+00,9.879390579509124137e+00,7.218111108547722665e+01,-1.432096184164646457e+00,8.729937066260471568e+01,4.138616023666394916e-01,2.079898474279412213e+00
1.133333333333333304e+00,1.306931789628217722e+01,7.187392031182989172e+01,-2.903818865096276625e+00,8.694341955185056747e+01,1.701487916894636049e-02,1.587702831392473923e+00
1.166666666666666741e+00,1.536846332179611707e+01,7.186981308749906816e+01,7.392593554078474849e-01,8.729937066260471568e+01,3.705312378870995182e-01,2.073303624054778360e-01
1.199999999999999956e+00,1.612021085659191755e+01,7.141103063540565188e+01,9.077053800929443028e+00,8.605481377096243989e+01,6.495221505324114131e-02,2.157447628483123214e+00
1.233333333333333393e+00,1.727441957527333471e+01,7.267591046002902999e+01,1.294262426579457426e+01,8.666614933846342694e+01,1.681544440241644067e-01,2.002033469830092338e-01
1.266666666666666607e+00,1.832943185286848475e+01,7.398221528160756577e+01,1.519524852681987959e+01,8.644073317871679762e+01,2.947347676250893778e-01,1.797341434605050914e+00
1.300000000000000044e+00,2.035833800044165898e+01,7.347697245845152736e+01,1.864953875405140593e+01,8.731203103439642632e+01,1.648730570210228841e+00,3.689915037454340463e-01
1.333333333333333259e+00,1.877131939783212999e+01,7.603084757812283101e+01,1.866231183391257531e+01,8.640643381213480723e+01,8.614815182150645789e-01,2.460112741880890574e+00
1.366666666666666696e+00,1.942082095246682982e+01,7.825436657471205137e+01,1.967785752120460785e+01,8.785909863367690775e+01,2.504310607151098100e+00,1.574581901852010413e+00
1.399999999999999911e+00,1.710272896905237516e+01,7.997551320405337094e+01,1.741797079220284061e+01,8.752240113155430379e+01,2.738100010022700426e-01,2.306985524270102061e+00
1.433333333333333348e+00,1.386546668748062494e+01,8.110168693553740127e+01,1.447029410006588712e+01,8.777603875961452218e+01,8.722406399137123678e-01,1.654891676484093965e+00
1.466666666666666563e+00,1.378785291632677890e+01,8.449105030178394315e+01,1.369871700708445772e+01,8.614936117608924349e+01,1.736304288969929166e+00,1.231351140219925977e+00
1.500000000000000000e+00,1.349573328079581103e+01,8.337412529438252307e+01,1.195658424314913226e+01,8.663353933657020889e+01,2.715287580562699143e-01,1.092679819671789732e+00
1.533333333333333215e+00,1.187225031398454433e+01,8.628100602684196474e+01,9.968356170473839484e+00,8.609318361589657798e+01,1.268177042094266849e+00,1.697070332327186737e+00
1.566666666666666652e+00,1.193815049450484089e+01,8.830702156237110501e+01,1.130993247402021318e+01,8.663353933657020889e+01,1.353876014423883500e+00,3.198847323565489065e-01
1.600000000000000089e+00,1.205078488340955190e+01,8.915332597613850396e+01,1.242594286542748705e+01,8.605481377096243989e+01,2.428832134642507690e+00,1.379674415483781225e+00
1.633333333333333304e+00,1.211686192912258875e+01,9.086369004459959342e+01,1.124354110221319480e+01,8.772077397857330538e+01,1.858348169384820281e+00,1.228326523291430439e+00
1.666666666666666741e+00,1.290107274521480107e+01,9.225679392645106702e+01,1.207213734683586459e+01,8.685190390043723596e+01,2.363689115989470180e-01,1.799808137793216467e+00
1.699999999999999956e+00,1.471204700933398968e+01,9.230210829243662829e+01,1.395829007451139425e+01,8.723423816575049727e+01,1.132540509173729282e+00,1.934732144180687730e+00
1.733333333333333393e+00,1.325887218218067787e+01,9.222396124038549203e+01,1.281909416524376866e+01,8.635372879124317080e+01,5.444749708883476202e-01,1.598501786540105440e+00
1.766666666666666607e+00,1.269536473857295178e+01,9.224574256589507115e+01,1.276321344786976830e+01,8.664992360249851799e+01,1.044367330205652866e+00,1.515463368197613958e+00
1.800000000000000044e+00,1.434222603039358113e+01,9.250162281428175959e+01,1.426451229807990018e+01,8.779740183823419386e+01,1.136892627876964434e+00,1.814432355242714623e+00
1.833333333333333259e+00,1.519905631438077265e+01,9.284818791138789607e+01,1.773258390803941609e+01,8.695815784338162757e+01,8.348599086045431772e-01,1.437312226758092670e+00
1.866666666666666696e+00,1.403624346792647870e+01,9.338300579133061774e+01,1.843494882292200998e+01,8.666614933846342694e+01,3.875335092920232372e-01,1.674870804413208791e+00
1.899999999999999911e+00,1.233908727832619512e+01,9.327048792318356618e+01,2.043282867939868552e+01,8.779740183823419386e+01,1.478130646341221821e+00,1.787732661752243324e+00
1.933333333333333348e+00,4.864514437760526278e+00,9.435697500584629438e+01,2.073523393799696279e+01,8.862954898220040434e+01,2.140306037871625211e+00,1.551433927739622742e+00
1.966666666666666563e+00,3.270487923183565293e+00,9.450660688376832752e+01,1.843494882292200998e+01,8.971208393344291210e+01,1.719453408889985546e+00,1.177495204322528410e+00
2.000000000000000000e+00,1.662075691389205900e+01,9.404720191512218719e+01,1.185300416774400034e+01,8.972585960626678059e+01,1.278159372615464417e-01,1.358513850982510096e+00
2.033333333333333215e+00,8.478551973569954825e+00,9.352561519717446004e+01,1.118537662781296049e+01,8.828164199834453996e+01,9.078626679864949534e-01,1.278495430818558543e+00
2.066666666666666430e+00,1.094218540900936709e+01,9.505022842483280954e+01,1.263336193527501194e+01,9.057872556560776900e+01,8.807447608675748052e-01,1.730517816485739768e+00
2.100000000000000089e+00,3.344650318265879108e+00,9.460629785064186592e+01,7.431407971172506954e+00,8.853868990911877290e+01,1.371734042749587434e+00,5.271584713078051321e-01
2.133333333333333304e+00,4.537772507906652208e+00,9.563068275763527026e+01,6.728512093768681090e+00,8.888760038370220684e+01,1.997929248483446274e-01,1.872426751317739280e+00
2.166666666666666519e+00,3.195938013595913230e+00,9.531454566994474931e+01,-3.031494437141272758e-01,8.915747573925958136e+01,1.035964960592693496e+00,2.123787199487078503e+00
2.200000000000000178e+00,4.528824236932539549e+00,9.634019174590990531e+01,-9.727578551401602880e+00,8.972585960626678059e+01,4.679486031961447440e-02,1.915344223714708027e+00
2.233333333333333393e+00,3.691385986451275691e+00,9.664527821027442656e+01,-1.533819614050535485e+01,9.133844292102374141e+01,6.519015320714941497e-01,1.923427630645143938e-01
2.266666666666666607e+00,7.957525226917142369e+00,9.702839623894959686e+01,-2.672289039077987738e+01,9.000000000000000000e+01,1.976765942610307358e-01,4.260342021742139634e-02
2.299999999999999822e+00,1.009352136152257096e+01,9.745429881274847617e+01,-2.466942891846323960e+01,9.135106508271964287e+01,2.409702922739664077e-01,7.533852766582652682e-01
2.333333333333333481e+00,9.802496715245244019e+00,9.738604315126727329e+01,-2.714231909444241708e+01,9.159853709267596855e+01,2.130397914466735862e-02,2.383052524723341947e-01
2.366666666666666696e+00,7.594643368591444954e+00,9.780018788418171027e+01,-2.966308866226409435e+01,9.000000000000000000e+01,6.250024282440884557e-04,2.621218532894168951e-01
2.399999999999999911e+00,8.972626614896393349e+00,9.769605172201657695e+01,-3.141400879211109398e+01,9.025351949377201777e+01,3.247542550247107807e-01,6.856674978823347200e-01
2.433333333333333126e+00,8.339976065723529786e+00,9.787118193683103584e+01,-3.113310317050551745e+01,9.000000000000000000e+01,6.848797622514488093e-02,8.526670427327553980e-01
2.466666666666666785e+00,1.016777548741137593e+01,9.744244124265429718e+01,-2.930507585657998249e+01,8.824147143956089678e+01,2.469354364815765368e-01,1.093885090293247320e+00
2.500000000000000000e+00,9.761774775042244556e+00,9.686369191462704009e+01,-3.257405713457251295e+01,9.025464623227284733e+01,1.926273359166998794e-02,1.019920038128047324e+00
2.533333333333333215e+00,8.207216411918146548e+00,9.728595912648020771e+01,-3.096375653207352130e+01,9.123463170540412648e+01,8.717379466250221864e-02,7.059465471975449047e-01
2.566666666666666430e+00,4.858462919034286287e+00,1.003758449200510512e+02,-3.217560189776484947e+01,9.165685394752250659e+01,5.912089286533059318e-02,1.251716896076941199e-01
2.600000000000000089e+00,6.178064902128332925e+00,9.853076560994813349e+01,-2.807248693585295740e+01,9.332147576334605787e+01,1.709922389349300964e+00,5.105064928369221766e-01
2.633333333333333304e+00,4.714754518704945774e+00,9.981930063875789472e+01,-2.734987578006987974e+01,9.443871636770469991e+01,1.139620820732020423e+00,1.805207368752688446e-01
2.666666666666666519e+00,4.041355854431492922e+00,9.964263877876925335e+01,-2.590650799951438543e+01,9.675709754450589628e+01,1.451228075140314155e+00,9.199231519125510292e-01
2.700000000000000178e+00,5.527540151656172185e+00,1.002825350292734328e+02,-2.886272343828214915e+01,9.912102599453199048e+01,8.070547148554005901e-01,5.841063314800846173e-01
2.733333333333333393e+00,1.211384294556434682e+01,1.008665518013325766e+02,-2.325259217486160779e+01,1.003973335224363552e+02,2.348025379543733582e+00,4.453712360802000170e-01
2.766666666666666607e+00,4.106497165170427621e+00,1.003973335224363552e+02,-1.750716304846033111e+01,1.004441954753558548e+02,2.579927424930377633e+00,1.258186795185469276e+00
2.799999999999999822e+00,3.278986258854421632e+00,9.976455787988841450e+01,-1.775825848264268103e+01,1.029380563171864651e+02,9.625679804577175203e-01,1.796831952036976210e+00
2.833333333333333481e+00,7.792078078218435344e+00,1.006196552761551430e+02,-1.485861444792466024e+01,1.035449733679455449e+02,1.274146361197126265e-01,6.238961638505198248e-01
2.866666666666666696e+00,8.339976065723529786e+00,1.008665518013325766e+02,-2.081506596636731388e+01,1.054972431068066356e+02,1.630609229836713192e+00,5.253816583936318785e-02
2.899999999999999911e+00,8.042894233505311519e+00,1.003508856549305222e+02,-1.397181027296376499e+00,1.069378758384079191e+02,1.067915688760737947e+00,9.084359775656654090e-01
2.933333333333333126e+00,6.237080076458490829e+00,9.950324775786054943e+01,2.552898147171757337e+00,1.084349488229220242e+02,1.375193537309619796e+00,1.739862632970809342e+00
2.966666666666666785e+00,4.813550893706532108e+00,1.005873213182371302e+02,1.130993247402021318e+01,1.082792541531242421e+02,2.112934418101729328e+00,4.026139490812378208e-01
3.000000000000000000e+00,8.087879974538010330e+00,1.013099324740202150e+02,6.788974574438791265e+00,1.076164933612334096e+02,1.671079821603226545e+00,1.290813561143300037e+00
3.033333333333333215e+00,8.972626614896393349e+00,1.005207843138743584e+02,3.746162049603629640e+00,1.106404691950955055e+02,1.221182584629432855e+00,2.200504526509753145e+00
3.066666666666666430e+00,1.060115486365211090e+01,1.010035408517495057e+02,8.546960007344210908e+00,1.116190846299738411e+02,4.521453861225402382e-01,2.002198072129576789e-01
3.100000000000000089e+00,9.506771989265681455e+00,1.013099324740202150e+02,7.660475334466330999e+00,1.121749708076432341e+02,1.139537692677476954e+00,6.389417309904540376e-01
3.133333333333333304e+00,7.055186061096684114e+00,1.008230112262071003e+02,1.070400674927797624e+01,1.128097111038774614e+02,7.585003660620374955e-02,1.526970137734607436e+00
3.166666666666666519e+00,1.058163552094379156e+01,1.020752885831935544e+02,1.225118042339937929e+01,1.133295520673236041e+02,2.318797625882559554e+00,1.263912540926840578e+00
3.200000000000000178e+00,9.829892334637447604e+00,1.007579670883900178e+02,1.012467165539781710e+01,1.144644102524189577e+02,8.048799470810880097e-01,2.750668352328693445e+00
3.233333333333333393e+00,1.043021996562915454e+01,1.006196552761551430e+02,5.918060352107626265e+00,1.151492840038747829e+02,4.024718448572668916e-01,5.381190235893634766e-01
3.266666666666666607e+00,9.506771989265681455e+00,1.006697828044966769e+02,5.257809168954703516e+00,1.153915587281097288e+02,1.004361083317331760e+00,1.069563443185480356e+00
3.299999999999999822e+00,9.809302247879006842e+00,1.010937230115578558e+02,6.044092162241108568e+00,1.162473329206733155e+02,8.179649020998584763e-02,7.328152056245875734e-01
3.333333333333333481e+00,7.980113745168520900e+00,1.009806500101735480e+02,4.451174002886571834e+00,1.166725478230174389e+02,3.692243796114622056e-01,8.344751329364141074e-03
3.366666666666666696e+00,1.098065001017354270e+01,1.018597791209479908e+02,7.209961845615833198e+00,1.154130061365765840e+02,1.400724891190971766e+00,2.627627096594906675e-01
3.399999999999999911e+00,1.292599912470595314e+01,1.005518095061922850e+02,7.037940763184669102e+00,1.163524518577503670e+02,1.170776943937717141e+00,7.343944457724748132e-01
3.433333333333333126e+00,1.137324270185933628e+01,1.015784205721174231e+02,6.465932098939534356e+00,1.153915587281097288e+02,2.781367072329040457e+00,1.055277756973300868e-01
3.466666666666666785e+00,9.409221408110177265e+00,1.017090011018640183e+02,9.400780041023837796e+00,1.148584192594785947e+02,1.597212062534429045e+00,8.436082285976485018e-01
3.500000000000000000e+00,8.721697797981729394e+00,1.020947570770121047e+02,1.173857120672232313e+01,1.149885011218942736e+02,1.293502440161436833e-02,1.528005936113254262e-02
3.533333333333333215e+00,7.288952323610132567e+00,1.016336339989404394e+02,7.305759533310826725e+00,1.166705681471315188e+02,4.936765147444408530e-01,1.131027934244258848e+00
3.566666666666666430e+00,7.165308732915918633e+00,1.013652906978698383e+02,1.560662214293112982e+01,1.163524518577503670e+02,1.685173354949585312e+00,3.757305949725306959e-01
3.600000000000000089e+00,7.549421768263273158e+00,1.004516329439887130e+02,1.560662214293112982e+01,1.163582081063006797e+02,1.946605212708820254e+00,5.746768095482938585e-03
3.633333333333333304e+00,1.316579445444081209e+01,1.007343777934914897e+02,5.640549432156823251e+00,1.149342951025765842e+02,1.873214164905041113e+00,6.037823168005281883e-03
3.666666666666666519e+00,7.163547465832366790e+00,1.013652906978698383e+02,4.338266791428194935e+00,1.159422954898716824e+02,2.509581186460843050e+00,1.227558968904978620e+00
3.699999999999999734e+00,1.004934858812487342e+01,1.015290357253542766e+02,6.465932098939534356e+00,1.177904424794520963e+02,1.947826516701161026e+00,1.666649879725154437e-01
3.733333333333333393e+00,1.096519668513791324e+01,1.012564350297038942e+02,9.833563964207115760e+00,1.170766070436650352e+02,5.462986741546778102e-01,1.543346686981956317e+00
3.766666666666666607e+00,8.930590100418996258e+00,1.016336339989404394e+02,2.064201031563719724e+01,1.179671155061193843e+02,1.417744494476082862e+00,1.652863801774630548e-01
3.799999999999999822e+00,9.074758021008683784e+00,1.007343777934914897e+02,1.867670173219011431e+01,1.170812154068428299e+02,4.197666393637911053e-01,9.898893298240557526e-01
3.833333333333333481e+00,7.650650955359410865e+00,1.016802601485663189e+02,1.501836063115066899e+01,1.159366034792095803e+02,3.481926132234427484e-01,8.389445674347157933e-01
3.866666666666666696e+00,1.463572899983965847e+01,1.005391837286282311e+02,2.160223608407394025e+01,1.147107994622302130e+02,1.417031065356216590e+00,1.018439647615120569e-01
3.899999999999999911e+00,1.349573328079581103e+01,1.016336339989404394e+02,1.818365315571305985e+01,1.114396414162362134e+02,1.072224234360477979e+00,2.681840853654442469e-01
3.933333333333333126e+00,1.017551084304320774e+01,1.006196552761551430e+02,1.925507778928383829e+01,1.098803523646426470e+02,1.731255588832904424e+00,1.385398058222233386e+00
3.966666666666666785e+00,1.268752137386998413e+01,1.003533200439294433e+02,1.669924423399362112e+01,1.089776531017601542e+02,7.499581712688140334e-01,7.384537632151300102e-02
4.000000000000000000e+00,9.462322208025616632e+00,1.006196552761551430e+02,1.107020257793936047e+01,1.037415146914254365e+02,2.926658761601339975e+00,4.506568458255030274e-01
4.033333333333333215e+00,1.099627258088742821e+01,9.906929329989155519e+01,1.178052377691541608e+01,1.007954535877318136e+02,3.750733368746862056e-02,5.054049021317462420e-02
4.066666666666666430e+00,7.930466299631600435e+00,9.959313426273034509e+01,1.242594286542748705e+01,9.899714342106506137e+01,1.109444847028850711e+00,2.314629670093002911e+00
4.099999999999999645e+00,8.557965123458229684e+00,9.901505744854654267e+01,1.249601104443750366e+01,9.530339754682186992e+01,1.302555519543756146e+00,1.602664292578651395e+00
4.133333333333332860e+00,1.012467165539781710e+01,9.950808560046093021e+01,1.590138993452743676e+01,9.404958170327138589e+01,6.198704079832993985e-01,2.083853937438636450e+00
4.166666666666666963e+00,6.519801751656985722e+00,9.900175512256130617e+01,1.598790018059839468e+01,9.519442890773480315e+01,6.072415809931197561e-01,1.924747124228635142e-01
4.200000000000000178e+00,6.277298489597554543e+00,9.862369195492597385e+01,1.442077312751098539e+01,9.405168383782844899e+01,1.597863324671749741e+00,2.489899223242893200e-01
4.233333333333333393e+00,1.125370503425566504e+01,9.828068224272175257e+01,1.564224645720872786e+01,9.342387124493068029e+01,1.234313545663909384e+00,1.279994159020208411e+00
4.266666666666666607e+00,6.831005949351524720e+00,9.752382043863863714e+01,1.220911975849624298e+01,9.127871130704980374e+01,6.970082579153089597e-01,6.021721218245856821e-02
4.299999999999999822e+00,5.626745715140729409e+00,9.797503972999288635e+01,1.360054251665874325e+01,9.050479556855583496e+01,1.294288748960976954e-01,1.697726261751236476e-01
4.333333333333333037e+00,5.710593137499642147e+00,9.766680426181417829e+01,9.648045316098155411e+00,9.076730831508969288e+01,5.535541378403714408e-01,5.207906616583992676e-01
4.366666666666666252e+00,9.180541957626150662e+00,9.739607655971266809e+01,1.275211975020761912e+01,9.050702906091477473e+01,2.660709829203219967e-01,3.757357295471525777e-02
4.400000000000000355e+00,6.469819985173173471e+00,9.658194465517802030e+01,1.463383097156616053e+01,8.843064519525101730e+01,8.166806449537182197e-04,5.964960957726848090e-01
4.433333333333333570e+00,1.098065001017354270e+01,9.743140797117250429e+01,1.209475707701210112e+01,8.867394562329509711e+01,8.037118592663787808e-01,1.042096377133280516e+00
4.466666666666666785e+00,1.265255650055797076e+01,9.675709754450589628e+01,1.737224848409241318e+01,8.722572268869922141e+01,2.950000507779877712e-02,2.295330769305468088e+00
4.500000000000000000e+00,1.256023709684556344e+01,9.592458198198248454e+01,1.684931141182509151e+01,8.865527561129766809e+01,6.316674007408539238e-01,1.521571838502531193e+00
4.533333333333333215e+00,1.243544150252764702e+01,9.625403274391646846e+01,1.594539590092285408e+01,8.840885972880542454e+01,1.464781821961811836e+00,1.066433501123745131e+00
4.566666666666666430e+00,1.542216131873867013e+01,9.715781301361580802e+01,1.626020470831196008e+01,8.921517539700811028e+01,1.132608809518596882e+00,2.315723219364180796e-01
4.599999999999999645e+00,1.751090347014930515e+01,9.612537194019972731e+01,1.663880567042628300e+01,8.858207716854886371e+01,3.290539386135660216e-02,4.457671177125374085e-01
4.633333333333332860e+00,1.971674033530481651e+01,9.648916639592755473e+01,1.903593146176994821e+01,8.916158502559788701e+01,9.634247665193078625e-01,8.836248400097789224e-01
4.666666666666666963e+00,2.027557860899097264e+01,9.603768252142289441e+01,2.167464911902414215e+01,8.781835859644853315e+01,8.116980841690469850e-01,1.931935491086776091e+00
4.700000000000000178e+00,2.393102506806877727e+01,9.541470207095566991e+01,1.493141717813755420e+01,8.784905687248399886e+01,9.857673588926250119e-01,3.156466933147507592e-01
4.733333333333333393e+00,2.714968169778316920e+01,9.381407483429036631e+01,1.887737848096148241e+01,8.838646106711883021e+01,1.518529022625132008e+00,7.751816094705370475e-01
4.766666666666666607e+00,2.911986122292472601e+01,9.418491612511841993e+01,1.843494882292200998e+01,8.833971763101720853e+01,1.095268227081048984e+00,2.718823037060257075e+00
4.799999999999999822e+00,3.282854179141253326e+01,9.441987113885471672e+01,1.877803322244553996e+01,8.724751459973131773e+01,8.450829271774388252e-01,2.584286373977834117e+00
4.833333333333333037e+00,3.411447294534126229e+01,9.467244275538945431e+01,1.872578784527255991e+01,8.734931031657818323e+01,1.720326160638192103e+00,2.421108321175136968e+00
4.866666666666666252e+00,3.220560060923480705e+01,9.245403167452707294e+01,7.236922025968004490e+00,8.942991155500111233e+01,4.329361060292021834e-01,2.514371438736875408e+00
4.900000000000000355e+00,2.962905440719282524e+01,9.298428214359338995e+01,1.209475707701210112e+01,8.779740183823419386e+01,1.227752556297127207e+00,1.442869873299444272e+00
4.933333333333333570e+00,2.796223220437437007e+01,9.352561519717446004e+01,2.995303287602746778e+00,8.677547739348010225e+01,1.060560839841917069e+00,2.641740310364006472e+00
4.966666666666666785e+00,2.025646217452312214e+01,9.276576183424950273e+01,4.064947307742706961e+00,8.608175113593262040e+01,2.918266612072815125e-01,1.211515603511477412e-01
5.000000000000000000e+00,1.998310652189998038e+01,9.243090833704040676e+01,1.116950192308289935e+01,8.532755724461054569e+01,1.195167706084121040e+00,5.306226171502902433e-01
5.033333333333333215e+00,1.467639313745001317e+01,9.268796896560358789e+01,9.727578551401602880e+00,8.583532734813407217e+01,1.090939630266446470e+00,3.846957970969457907e-01
5.066666666666666430e+00,9.524667971789996912e+00,9.213095288710492525e+01,7.042039173729401469e+00,8.704368934249635004e+01,7.165689173895495312e-01,1.463756760540216584e-01
5.099999999999999645e+00,1.117791478250604520e+01,9.190915243299637893e+01,9.563283829543063774e+00,8.657163144114504405e+01,4.895616657091492879e-02,1.965896213126062886e+00
5.133333333333332860e+00,7.815293546766875821e+00,9.136392753160292557e+01,-2.190573864038223295e+00,8.657163144114504405e+01,6.100896315965224082e-01,1.062134419803816565e-01
5.166666666666666963e+00,1.352316065041601689e+01,9.253854459839880064e+01,-9.412629436866154720e+00,8.664992360249851799e+01,1.854933757182717913e-01,7.176486614612268555e-01
5.200000000000000178e+00,1.360610305424930999e+01,9.115733306812951753e+01,-9.761774775042244556e+00,8.613081542363458709e+01,1.244350728227379133e+00,9.617030892312488158e-03
5.233333333333333393e+00,1.700794695540732704e+01,9.221322817639580194e+01,-1.578679207208926627e+01,8.672951207681644803e+01,4.438778395311312325e-02,2.043793515829047669e-01
5.266666666666666607e+00,2.051552487307646189e+01,9.112330271407543592e+01,-1.658104784773957618e+01,8.616773025380521744e+01,6.475216562557272182e-01,6.426391281854444693e-02
5.299999999999999822e+00,2.506044232670378236e+01,9.354236119219370948e+01,-2.364716040529162910e+01,8.549988629157934383e+01,1.151318849431774358e-02,5.329676330955527286e-01
5.333333333333333037e+00,1.833495629003524385e+01,9.246575899499777051e+01,-2.399321056922814677e+01,8.523635830927382528e+01,2.432633080580803409e+00,4.941303872436123013e-01
5.366666666666666252e+00,1.442975224975577753e+01,9.267542665602914553e+01,-2.669586323178271314e+01,8.512401378753781955e+01,1.306908407962596552e+00,3.473282937467163101e-01
5.400000000000000355e+00,1.411694169556959366e+01,9.180602529760123787e+01,-2.878363291091747911e+01,8.434051815983752931e+01,8.700764190657424013e-01,2.132610522700726929e-01
5.433333333333333570e+00,1.462087398863165610e+01,9.178991060824607473e+01,-3.166973514666301881e+01,8.478198287642491948e+01,4.947313138881098138e-01,1.204379104022022667e-01
5.466666666666666785e+00,1.763645307260830464e+01,9.233202368162305618e+01,-3.553767779197438159e+01,8.471455325061741348e+01,3.485171608560742040e-01,4.068887028714355397e-02
5.500000000000000000e+00,1.207213734683586459e+01,9.326333131823538736e+01,-3.589266568774559119e+01,8.457190281388926678e+01,9.845726539735397687e-01,5.102673524903331842e-02
5.533333333333333215e+00,1.045483507775348997e+01,9.181419190902995808e+01,-3.861288297423548954e+01,8.508620123762526077e+01,2.049221527455323155e+00,1.551984196685039230e-01
5.566666666666666430e+00,-1.080161823569070911e+01,9.201839916679310249e+01,-1.024127869213404551e+01,8.466076319626240831e+01,3.431779803239221049e-01,2.360700099687901843e-01
5.599999999999999645e+00,1.015905599584680985e+01,9.178991060824607473e+01,-4.260499448312765480e+01,8.368878942486738026e+01,5.672327045665824796e-01,6.434981521672709925e-02
5.633333333333332860e+00,-5.123833268963931431e+01,9.112772402585869713e+01,-9.551637458381852852e+00,8.423736711340156091e+01,2.412524072260116004e-01,8.553780168122603333e-01
5.666666666666666963e+00,6.503055944881697137e+00,9.042598307664314916e+01,-4.091438322002512962e+01,8.268098062440957108e+01,1.903889884936673521e-02,3.659557727037014707e-02
5.700000000000000178e+00,-5.184277341263094030e+01,8.867292200912589806e+01,7.777637890129327047e+00,8.327448290267474817e+01,6.759332227484798894e-01,6.466336634959590768e-02
5.733333333333333393e+00,-5.073337475837187327e+01,9.000000000000000000e+01,6.757097544505893616e+00,8.190922212801039848e+01,1.444472608385717560e+00,1.077135780523941655e+00
5.766666666666666607e+00,-5.478240703180728843e+01,9.020245774221818635e+01,6.280007125699780701e+00,8.271404087351979229e+01,1.072722921459251300e+00,2.616696660507720207e+00
5.799999999999999822e+00,-5.100900595749453004e+01,8.833368363814675206e+01,5.534637362014160900e+00,8.374596725608353154e+01,5.616599788264255988e-01,2.108956325119464736e+00
5.833333333333333037e+00,-5.086154139819647213e+01,8.657064608025784480e+01,7.536223017169151106e+00,8.275130164242617070e+01,2.315332521395932375e+00,9.952951285376150370e-01
5.866666666666666252e+00,-4.500000000000000000e+01,8.613179596167829288e+01,3.814074834290354321e+00,8.316763832258301647e+01,1.645401506072261322e+00,1.542139966802549500e+00
5.900000000000000355e+00,-3.909385888622949778e+01,8.622553966470702846e+01,6.340191745909909748e+00,8.376967538599436125e+01,1.120891915170100672e+00,4.908259555676486308e-01
5.933333333333333570e+00,-5.064824737373526631e+01,8.540219222973490787e+01,9.546766921403841977e+00,8.303458150994489984e+01,1.034649633227447740e+00,1.052853941286609363e+00
5.966666666666666785e+00,-4.367802434046301840e+01,8.557044070102236333e+01,6.305445977268624880e+00,8.197931020447161643e+01,5.683187087712863184e-01,9.509344731850316590e-02
6.000000000000000000e+00,-4.611456327248470899e+01,8.476919282444680448e+01,9.134087723962361238e+00,8.293739732958422906e+01,7.383880812016121453e-01,2.842867028883043545e+00
6.033333333333333215e+00,-4.414490260373327857e+01,8.235231727649376410e+01,9.983494427071621047e+00,8.290525083238897253e+01,2.601484460816790023e-02,2.349413837330375510e-01
6.066666666666666430e+00,-5.048359044446443988e+01,8.108107138204616149e+01,6.825326464475588217e+00,8.278262084097079310e+01,2.451984990151741428e+00,4.553331492495308330e-01
6.099999999999999645e+00,-5.036306942004672038e+01,7.962129501009094668e+01,7.681904616251455487e+00,8.232378524643944218e+01,2.503989460590275939e+00,1.926632909950078520e+00
6.133333333333332860e+00,-4.431522249299085559e+01,7.957419147411521010e+01,1.168224637842055458e+01,8.396471760338775425e+01,1.080049742235505761e+00,1.625324440676909177e+00
6.166666666666666963e+00,-3.937537195855409067e+01,7.757027698154554685e+01,9.847556974116249862e+00,8.354601340964663336e+01,1.018684078438334195e+00,7.711512300847386259e-01
6.200000000000000178e+00,-3.739016284244805632e+01,7.212130340415866669e+01,6.009005957494524708e+00,8.312697006165853963e+01,6.339402957500632763e-01,2.507548095130094357e-01
6.233333333333333393e+00,-1.273030020056711065e+00,7.020961316675136743e+01,-3.343504348529224757e+01,8.238806240328509034e+01,1.337137977326774141e-01,1.674883383441274631e+00
6.266666666666666607e+00,-3.170142966950571761e+01,7.015062796567583803e+01,-3.242453450025557515e+01,8.392196301625271815e+01,1.513918188118456243e+00,1.045712308657400724e+00
6.299999999999999822e+00,-7.083285999752562567e+00,7.209206713701219371e+01,-3.041705767051592701e+01,8.363056079388769604e+01,2.070831211294359431e+00,7.822451642976484543e-01
6.333333333333333037e+00,-2.132621841914257743e+01,6.967686317033707155e+01,-1.438139459109060425e+01,8.212881806316897837e+01,1.515441579719164489e-01,1.030911619063842988e+00
6.366666666666666252e+00,7.224315694045336578e+00,6.910600718697337186e+01,-1.511571318857795809e+01,8.240535663140856570e+01,6.379242183473209371e-01,1.287917677577739450e+00
6.400000000000000355e+00,7.281668807535072396e+00,6.794356647296065432e+01,-9.771747352020865307e+00,8.179764575537441829e+01,2.200422182022676143e+00,5.528254920244083381e-01
6.433333333333333570e+00,2.414656520850789967e+00,6.705106271907672522e+01,-6.968256741378543673e+00,8.275130164242617070e+01,1.641323306198362530e+00,3.463776354558804615e-01
6.466666666666666785e+00,6.623494473721990294e-01,6.736189379835332147e+01,-4.844000375080679710e+00,8.183393043179067661e+01,3.668965627218792602e-01,1.889389043308747906e+00
6.500000000000000000e+00,5.742283277804125952e+00,6.806757905101802919e+01,1.684684317896291361e+00,8.205064083025304456e+01,1.299591455687231001e+00,1.695787135092890585e+00
6.533333333333333215e+00,6.340191745909909748e+00,6.850521637580766310e+01,-3.557851866118087791e+00,8.168684466000054556e+01,1.974386816945304268e+00,1.426789032503284371e+00
6.566666666666666430e+00,8.530765609948133488e+00,6.862937773065681313e+01,3.833676537088076319e+00,8.242257291079218362e+01,2.529194691128581418e+00,4.162576525653582937e-01
6.599999999999999645e+00,1.207213734683586459e+01,6.750570481227873643e+01,-2.715419456845223345e-01,8.315722658736906681e+01,8.659775637280108240e-01,6.433426406645929019e-01
6.633333333333332860e+00,1.325887218218067787e+01,6.705106271907672522e+01,3.509026588616568354e+00,8.297160376105038893e+01,1.474591883704842177e+00,1.645643953782021773e+00
6.666666666666666963e+00,1.853599947566718953e+01,6.727026792005531775e+01,6.801314823981574165e+00,8.249066892618267843e+01,1.007381590711521113e+00,2.929929515783893379e-01
6.700000000000000178e+00,2.238013505195957364e+01,6.763261718008293144e+01,5.063616853030085352e+00,8.271971091600629222e+01,1.278301196503694337e+00,2.188449202712970720e+00
6.733333333333333393e+00,1.618920625702694238e+01,6.642529379808739520e+01,1.057797046756728498e+01,8.172410717292480342e+01,2.861057625587503650e-01,1.583998758513073701e+00
6.766666666666666607e+00,2.336205877057102498e+01,6.615628320088379155e+01,1.211876033472518976e+01,8.230394827798343726e+01,1.068153196065231014e-01,1.152896129644910728e+00
6.799999999999999822e+00,2.156440657951955941e+01,6.695322624687985069e+01,1.049147701233159857e+01,8.164924746766858732e+01,1.156440448343592775e-01,2.379112539084723643e+00
6.833333333333333037e+00,1.998310652189998038e+01,6.652900688183912337e+01,1.130993247402021318e+01,8.219981211581830394e+01,1.996055727526891699e-01,1.066546379665642252e+00
6.866666666666666252e+00,2.074158789843739825e+01,6.631791227546155199e+01,1.379948539601936908e+01,8.268098062440957108e+01,4.669173336161182020e-01,1.795891233034479839e+00
6.899999999999999467e+00,2.085445803957834698e+01,6.789726312154657251e+01,1.685839876773827939e+01,8.231809538374854185e+01,2.008277149136165063e-01,1.596341599302709024e+00
6.933333333333333570e+00,1.987217581924389975e+01,6.908203290143657682e+01,1.571857293894098184e+01,8.228263024119719660e+01,9.145586072082321216e-01,1.085945594180993012e+00
6.966666666666666785e+00,1.986429740341000993e+01,7.089798944776136125e+01,1.832326128502404572e+01,8.231809538374854185e+01,2.118487485618762545e+00,1.013388524615399001e-02
7.000000000000000000e+00,1.974683660542612174e+01,7.253354817516421349e+01,1.798733465206145965e+01,8.251110079835994782e+01,1.162619720987531302e+00,2.321292493305249671e+00
7.033333333333333215e+00,1.887737848096148241e+01,7.468454880308154031e+01,1.522443001851897648e+01,8.280908859157960933e+01,2.493618834677600038e-01,1.963394658644637580e+00
7.066666666666666430e+00,1.720657258804145329e+01,7.618497465873838337e+01,1.765012421993012381e+01,8.280908859157960933e+01,2.427398845953363526e+00,4.075313137069062619e-01
7.099999999999999645e+00,1.249247557736108938e+01,7.945038842918768296e+01,1.097565517281255154e+01,8.321102542556121762e+01,1.360803720086138036e+00,1.544410877168229002e+00
7.133333333333332860e+00,1.107654973416830835e+01,7.988355694996181455e+01,8.820379552021057279e+00,8.256859202882749571e+01,9.099038696397999670e-01,1.058953469210117682e+00
7.166666666666666963e+00,6.271077449501145651e+00,8.190075158982612891e+01,6.375320974808497354e+00,8.247617956136137707e+01,9.505745699586514164e-01,5.443262945329356839e-01
7.200000000000000178e+00,7.288952323610132567e+00,8.295667909884221558e+01,4.134671373736423128e+00,8.363056079388769604e+01,2.921917469236004816e+00,2.341781704887608839e+00
7.233333333333333393e+00,5.954107431165023279e+00,8.465082257047072289e+01,5.640549432156823251e+00,8.357125225117015077e+01,1.562109892088026308e+00,5.415943037022959983e-01
7.266666666666666607e+00,6.709836807756933474e+00,8.551956035021483160e+01,6.529535998847237011e+00,8.418437347050875985e+01,1.698479772462193893e-01,1.178709719738498141e+00
7.299999999999999822e+00,5.580153341195797090e+00,8.700965502483462899e+01,5.906141113770500439e+00,8.444702896696318817e+01,6.801226143491118092e-01,6.336202353733891846e-01
7.333333333333333037e+00,6.308589002554870540e+00,8.704269938483601265e+01,4.737443348010109467e+00,8.413039955698529582e+01,1.972096376462145084e+00,3.692338535715418146e-01
7.366666666666666252e+00,5.295212936617115673e+00,8.822395574664126627e+01,4.635463426902642681e+00,8.383701113088443435e+01,2.219372931513551528e+00,4.909032277654341581e-01
7.399999999999999467e+00,6.788974574438791265e+00,8.891498238050259317e+01,7.923259283378657258e+00,8.508620123762526077e+01,2.122873295354634315e+00,6.546983719077175135e-01
7.433333333333333570e+00,6.795944016018951039e+00,8.870295867487293151e+01,4.497151614667772357e+00,8.436931724236474395e+01,2.074152015643325520e+00,1.792753881928993709e-01
7.466666666666666785e+00,7.241866858916207406e+00,8.911519343916548053e+01,6.788974574438791265e+00,8.431507701289437762e+01,2.249405882696047243e+00,2.829994011085796846e-01
7.500000000000000000e+00,6.691264432552284092e+00,9.023196545129820834e+01,6.654425046006595679e+00,8.469129964522709031e+01,1.679481407804475745e+00,4.914296107030651228e-01
7.533333333333333215e+00,7.049178167495290914e+00,8.977263698900944178e+01,5.376705428050740920e+00,8.500866674247548360e+01,8.548794414634046657e-01,1.294364381508217587e-01
7.566666666666666430e+00,6.307091934737665717e+00,9.066362800001326150e+01,6.196413429104334014e+00,8.504154908051462769e+01,1.221903413179079578e+00,1.668729757483795040e-01
7.599999999999999645e+00,5.935171230951807431e+00,9.089517371021106840e+01,5.278646063418902301e+00,8.423736711340156091e+01,4.425268113955278526e-01,2.183409542674909776e-01
7.633333333333332860e+00,4.875986212462188440e+00,9.022381050036854333e+01,5.086221709634632049e+00,8.556128363229530009e+01,2.078151122099810566e-01,5.115599748340597941e-01
7.666666666666666963e+00,7.873938131725627620e+00,9.168468431789629847e+01,7.403728852788015402e+00,8.591438322002512962e+01,6.633055329098899167e-01,6.054071659250005455e-01
7.700000000000000178e+00,6.829244303198067634e+00,9.170617829444699964e+01,5.505477857978346101e+00,8.620275211956158046e+01,4.020363467631087873e-01,9.104353070330292175e-01
7.733333333333333393e+00,7.864024795499545029e+00,9.212109639666145711e+01,7.721825800130974748e+00,8.554100447485427594e+01,5.771150512719603887e-01,1.259461013991240552e+00
7.766666666666666607e+00,9.625248156123923593e+00,9.265739068290548630e+01,8.365886124032590132e+00,8.653981677101354819e+01,6.978583879821768088e-01,5.349487261171502750e-01
7.799999999999999822e+00,8.222813890574903084e+00,9.365222278030634584e+01,9.130176482278692163e+00,8.793618027154305139e+01,1.402383682467004400e-01,7.844104148086167294e-01
7.833333333333333037e+00,8.174414626460272615e+00,9.415521380558473652e+01,9.625248156123923593e+00,8.786904711289507475e+01,1.142223042483339723e+00,2.945715310425405242e-01
7.866666666666666252e+00,8.689750289139574591e+00,9.550234042618249930e+01,9.904183212973878270e+00,8.920794290783760516e+01,1.248817952437051071e+00,2.002407028955533741e-01
7.899999999999999467e+00,7.765166018425333050e+00,9.578900884517233294e+01,7.950773426393000776e+00,8.973596601874089629e+01,5.903263558325507754e-01,3.884266617007852695e-01
7.933333333333333570e+00,1.008059798754232084e+01,9.579279649503216376e+01,1.069651073577811395e+01,8.971635984424217725e+01,1.115689723988105175e+00,8.784955609674380828e-01
7.966666666666666785e+00,9.462322208025616632e+00,9.571059313749964303e+01,7.765166018425333050e+00,8.945173176369580403e+01,4.654930389202683316e-01,7.801749944753765265e-01
8.000000000000000000e+00,9.841131759634388132e+00,9.589696351021083842e+01,9.560096480886301151e+00,9.028224293627086183e+01,2.794103084103312026e-02,1.148162451846883814e+00
8.033333333333333215e+00,1.030484646876603350e+01,9.568370633538448544e+01,8.699102084626083808e+00,9.057008844499888767e+01,2.815363211871727556e-01,5.414913688235002687e-02
8.066666666666666430e+00,1.004533036949669800e+01,9.478699912095002844e+01,9.090276920822322637e+00,9.167647104680675341e+01,6.531868958206712428e-01,1.882844064416253071e-01
8.099999999999999645e+00,1.024786411111027462e+01,9.634019174590990531e+01,9.141640223524895248e+00,9.027545835613524616e+01,5.974290295351017965e-01,9.368925847062389844e-02
8.133333333333332860e+00,9.407335872206914473e+00,9.739607655971266809e+01,1.033450266669378337e+01,9.166833744829331465e+01,4.034413284481458417e-01,1.139330256880079079e-01
8.166666666666666075e+00,6.452462888002506780e+00,9.726324474058455394e+01,9.517949160948759868e+00,9.195568139752288062e+01,5.846763360500425267e-05,2.443426874683173045e-01
8.199999999999999289e+00,9.117862753795789033e+00,9.801709307365533164e+01,1.219133647060235148e+01,9.333385066153657306e+01,1.256754226277421727e-01,3.838343452810771828e-02
8.233333333333332504e+00,9.462322208025616632e+00,9.797503972999288635e+01,1.144506377892100879e+01,9.267542665602914553e+01,9.441838058433024705e-02,2.158757183499491639e+00
8.266666666666665719e+00,7.352379359892359467e+00,9.669422913189316660e+01,1.358296352983671262e+01,9.108092418666069534e+01,1.083718229148791790e-02,1.282975261053621141e+00
8.300000000000000711e+00,1.137921391487666867e+01,9.745429881274847617e+01,1.340959586709406537e+01,9.218164140355146685e+01,5.949161600027048635e-01,2.206877980812561521e-02
8.333333333333333925e+00,7.209961845615833198e+00,9.813010235415598004e+01,1.273640020479783530e+01,9.319458946511042541e+01,5.381755006462684426e-02,9.725440647827566787e-01
8.366666666666667140e+00,1.030484646876603350e+01,9.745429881274847617e+01,1.855506558513195614e+01,9.252611691161955321e+01,6.594546074997293950e-01,2.076043357213628315e+00
8.400000000000000355e+00,9.898259944152522749e+00,9.783552510648856071e+01,2.261986494804042636e+01,9.183074864802549087e+01,2.765281630494964560e-02,1.401402848485135966e+00
8.433333333333333570e+00,8.240711829707880298e+00,9.764676201356716945e+01,2.028255908891660653e+01,9.181419190902995808e+01,1.038197197961574503e-01,2.196113069473818458e-01
8.466666666666666785e+00,1.145875234587720115e+01,9.850457924087881167e+01,8.993792398755564577e+00,9.237496151576137038e+01,1.433627283804112529e-01,5.289761610860496122e-01
8.500000000000000000e+00,1.403624346792647870e+01,9.738604315126727329e+01,2.113166998669264629e+01,9.312213046211570600e+01,9.336653656415543345e-01,2.541493606996028110e-01
8.533333333333333215e+00,1.626020470831196008e+01,9.742001489526120395e+01,1.865363394234499239e+01,9.127871130704980374e+01,2.469777598353450378e-03,7.202016982085204244e-01
8.566666666666666430e+00,1.951587300958269822e+01,9.898631082278357951e+01,1.744718842328220276e+01,9.130789560166378749e+01,8.353657050388351921e-03,1.716951693002024271e-01
8.599999999999999645e+00,1.669924423399362112e+01,9.876628016183838099e+01,2.168577739407126614e+01,9.206381972845696282e+01,1.487094022167567919e+00,1.540123791484969973e-01
8.633333333333332860e+00,2.145996073048570096e+01,9.868635458123665671e+01,2.455045238920741824e+01,9.235329686610830890e+01,6.139292547434828107e-01,1.402622812374786365e-01
8.666666666666666075e+00,2.281803373677971436e+01,9.912102599453199048e+01,2.125050550713324071e+01,9.354685365749965342e+01,3.184140752988794953e-01,1.187205057067518998e+00
8.699999999999999289e+00,2.324290278595248083e+01,9.920404095446832571e+01,2.186236242028646615e+01,9.363678888119690669e+01,6.219693424826564510e-01,6.936546461799157903e-01
8.733333333333332504e+00,1.744718842328220276e+01,9.890482099032206520e+01,2.076096487342089603e+01,9.317983011986423492e+01,9.594558680782198090e-01,1.228154190460695738e-01
8.766666666666665719e+00,2.031101843316152156e+01,9.768190461625145815e+01,1.652952974363854111e+01,9.401830899359408988e+01,1.105732831848582176e+00,1.039596898575422479e+00
8.800000000000000711e+00,1.499507912917598595e+01,9.778928547796169823e+01,1.774467162505693452e+01,9.396926345671950287e+01,2.174974302895749112e-01,8.158424922518164868e-01
8.833333333333333925e+00,2.798923849532377517e+01,9.820235424462558171e+01,1.683747262567638359e+01,9.328386228790635926e+01,1.387297524580977381e-01,2.005690270084793170e+00
8.866666666666667140e+00,2.805291870590576764e+01,9.766195115497222901e+01,1.694261076590909454e+01,9.285054765601756799e+01,1.124012877593578152e-01,9.882064473206980670e-01
8.900000000000000355e+00,2.628141102132017437e+01,9.700126755749533913e+01,1.326085920418484498e+01,9.289857679928171308e+01,3.002293237992559663e-02,9.184384764913140486e-01
8.933333333333333570e+00,2.613641244437587829e+01,9.759464336859144851e+01,1.660124698717081060e+01,9.179692527269598656e+01,3.252250972230101289e-01,1.649399131244035033e+00
8.966666666666666785e+00,1.130993247402021318e+01,9.728028908399372199e+01,1.059942371643346171e+01,9.224574256589507115e+01,1.798880558808764185e-01,2.935134001669489345e-01
9.000000000000000000e+00,5.102165252358189740e+00,9.731215486529822556e+01,3.671700098370704879e+00,9.178295047957367103e+01,8.824139629201623036e-02,6.071320408296230209e-01
9.033333333333333215e+00,5.744158323767165619e+00,9.762814966858071841e+01,-3.165480472730076711e-01,9.111456327248471609e+01,6.413621399491399588e-02,1.741417307534645631e-01
9.066666666666666430e+00,6.267481404849300830e+00,9.856914187983764464e+01,-3.914137218612427027e+00,9.192338917751965255e+01,2.301187063339056871e-01,8.271620436162231693e-03
9.099999999999999645e+00,6.446755379104556205e+00,9.656269850893747275e+01,-1.008059798754232084e+01,9.020910775593061715e+01,1.179728349129965270e+00,3.005049975266385065e-01
9.133333333333332860e+00,6.691264432552284092e+00,9.706260267041577094e+01,-1.594539590092285408e+01,9.085509739626672854e+01,8.237425959156267075e-01,2.802432561698087743e-01
9.166666666666666075e+00,5.300926516525687582e+00,9.718853714273664934e+01,-1.710272896905237516e+01,9.307745539942438029e+01,3.199320436902781672e-01,2.966148737313063777e-02
9.199999999999999289e+00,6.795944016018951039e+00,9.791416450904765156e+01,-2.505761541830302264e+01,9.231584676667661427e+01,1.770301608073832911e-01,1.129877049078582774e+00
9.233333333333332504e+00,5.593603449112253934e+00,9.781041440350071525e+01,-3.049983323344743269e+01,9.400639147162723930e+01,5.072547191572626124e-01,1.208684755974849034e+00
9.266666666666665719e+00,7.089930144155213831e+00,9.888065915052024479e+01,-3.461114218453039371e+01,9.641330414286611017e+01,3.959225510464328690e-01,2.196416377727754554e+00
9.300000000000000711e+00,4.945966547104156952e+00,9.831919664949974447e+01,-3.454374940776911984e+01,9.735237935989236746e+01,1.347687919665125023e+00,2.514095556825379774e-02
9.333333333333333925e+00,5.964487101253119761e+00,9.840891173260071412e+01,-3.924173983563323986e+01,9.934757780966494067e+01,7.190055098565460989e-01,2.546755552763718092e-04
9.366666666666667140e+00,1.025119875081743182e+01,9.787118193683103584e+01,-3.900259942608447972e+01,1.013570119864426715e+02,1.005401664272022932e+00,1.274790505407059626e+00
9.400000000000000355e+00,9.266607240759201503e+00,9.849272902811848951e+01,-3.980557109226518975e+01,1.026572733672232829e+02,1.918998215406155783e-01,1.631309625843360589e+00
9.433333333333333570e+00,6.340191745909909748e+00,9.766195115497222901e+01,-3.958297788614339652e+01,1.033487271132873815e+02,8.283731276962220946e-02,4.857931351080094773e-01
9.466666666666666785e+00,1.306395412738630668e+01,9.773045533233668891e+01,-4.027554830282911524e+01,1.043873878734445952e+02,2.724674848382646619e-01,1.899396292359292471e-01
9.500000000000000000e+00,8.572998363611390005e+00,9.746349445998534122e+01,-3.861125252036401179e+01,1.062037742148907569e+02,3.304831181473798507e-01,1.954119921064663146e-01
9.533333333333333215e+00,1.061965527615513416e+01,9.770933308003392881e+01,-3.078414652632644533e+01,1.073116461088465883e+02,3.061638348339291646e-02,2.056139595737801251e+00
9.566666666666666430e+00,6.104684876928883952e+00,9.842696902148067295e+01,-3.815722658736905970e+01,1.074405958816575151e+02,1.794604415654892371e-01,2.342639024189876906e+00
9.599999999999999645e+00,8.564518642575581708e+00,9.764337807147957449e+01,-3.138022942194044518e+01,1.086550339613920642e+02,1.033054621128375317e+00,2.369989781769795023e+00
9.633333333333332860e+00,7.045769124867487854e+00,9.835075253233141268e+01,-3.758850714082112887e+01,1.096851075818422601e+02,1.056822073721649657e-01,1.300466574563182487e+00
9.666666666666666075e+00,7.362592511212546320e+00,9.844510346604465667e+01,-3.387081071038881674e+01,1.113433861220460557e+02,8.871792488369986129e-01,2.702190124617990241e-01
9.699999999999999289e+00,8.530765609948133488e+00,9.843576751335149311e+01,-3.113897243697885386e+01,1.115863362491016773e+02,8.936325385504756413e-01,4.339556152672149891e-01
9.733333333333332504e+00,7.864024795499545029e+00,9.905072167718373066e+01,-2.945019583029841215e+01,1.116746491190241386e+02,4.353984241703010571e-01,1.610375770085036295e+00
9.766666666666665719e+00,8.392925187392499708e+00,9.799352149363980402e+01,-2.729957221133280498e+01,1.121739923961079342e+02,1.092507279341935034e+00,8.671821894275527631e-01
9.800000000000000711e+00,7.045769124867487854e+00,9.805910390287095879e+01,-2.246902076953455918e+01,1.116308868365179165e+02,2.946035403950388321e-01,8.653156242881998583e-01
9.833333333333333925e+00,6.617987287987022071e+00,9.838061322292766420e+01,-1.657400775690898698e+01,1.116718789319396592e+02,6.199627084237266939e-01,3.535381843649119671e-01
9.866666666666667140e+00,8.176197098445545208e+00,9.813010235415598004e+01,-9.304772340643319595e+00,1.120112831979193686e+02,9.761568087006325944e-01,6.461276229546220051e-01
9.900000000000000355e+00,6.568764121821125457e+00,9.917042483778902806e+01,-6.340191745909909748e+00,1.116271262839167946e+02,4.263641104999036924e-01,1.027262010769385003e-01
9.933333333333333570e+00,7.781046222983523997e+00,9.921102654081667538e+01,-2.290610042638529631e+00,1.111048385849296380e+02,1.756088152887276044e+00,1.670485134224034773e+00
9.966666666666666785e+00,6.188615963241601570e+00,9.882478420910902628e+01,-1.930587441166991658e+00,1.084349488229220242e+02,1.234066333103461366e+00,4.524927263813883771e-01
1.000000000000000000e+01,6.225829064425768777e+00,9.843576751335149311e+01,-2.602562202499806077e+00,1.074909973122426265e+02,1.433461214438868758e+00,8.062198915661447085e-01
1.003333333333333321e+01,9.710569266013475698e+00,9.851842270201474605e+01,-2.862405226111747414e+00,1.060399433060496790e+02,1.045920923946171088e+00,5.077600282065931614e-01
1.006666666666666643e+01,9.130176482278692163e+00,9.798932676639689987e+01,1.287328941525038406e+00,1.036407167562914111e+02,1.525305609858257083e-01,2.584089013347120600e-01
1.009999999999999964e+01,9.410981917543116637e+00,9.835806844370000590e+01,-2.277608958334078171e+00,1.013524683084575031e+02,8.676703407406109736e-02,2.546914092937733673e-02
1.013333333333333286e+01,1.612757582595980921e+01,9.759464336859144851e+01,4.871391031524085591e+00,9.907328277049371934e+01,6.423832858475210170e-03,7.879351116501542851e-01
1.016666666666666607e+01,1.188865803962797507e+01,9.759464336859144851e+01,7.616462019293469332e+00,9.810082500386150173e+01,4.268012231668431161e-02,1.207388870612392306e+00
1.019999999999999929e+01,9.909499699876414880e+00,9.872484686937447407e+01,1.517291534552526144e+01,9.668548153631715536e+01,1.935607646044749108e-01,5.544925390785725439e-01
1.023333333333333250e+01,1.170057946281582417e+01,9.759464336859144851e+01,1.766333514418599648e+01,9.650197851098974411e+01,2.983201964305669529e-01,1.825051279580104380e-01
1.026666666666666572e+01,1.111304053594830066e+01,9.865872123236698599e+01,1.629879638153731847e+01,9.405522920419078048e+01,1.862780786629119611e-01,7.278880844746189460e-01
1.030000000000000071e+01,9.514220544840199523e+00,9.761322176596661393e+01,1.403624346792647870e+01,9.289576197346659114e+01,9.182001987566626999e-01,5.880151668074887761e-01
1.033333333333333393e+01,5.580153341195797090e+00,9.695942207149897740e+01,1.493141717813755420e+01,9.070442081138008916e+01,9.986662804058653309e-03,1.234310986595369197e+00
1.036666666666666714e+01,2.663000766067143310e+00,9.709251732827308956e+01,1.608457565837329994e+01,9.111891593056718364e+01,4.032849042183553334e-01,1.512279951576918635e-01
1.040000000000000036e+01,8.376005477426678780e+00,9.596833219751694344e+01,1.653982400122892571e+01,8.955585556688807003e+01,7.011646686886816027e-02,2.382789062445597045e-03
1.043333333333333357e+01,1.021086769107792236e+01,9.686369191462704009e+01,1.780764783569642518e+01,8.908699713318458180e+01,6.653207869468451552e-01,5.733446256074306024e-01
1.046666666666666679e+01,1.277546698275953219e+01,9.608852815419518834e+01,1.474356283647073518e+01,8.845779387257152848e+01,1.993568134544143056e-01,1.649294027499739634e+00
1.050000000000000000e+01,8.478551973569954825e+00,9.648307369289723567e+01,1.735402463626132175e+01,8.891085783010348109e+01,1.292548185946151840e+00,9.328608983638676522e-01
1.053333333333333321e+01,9.409221408110177265e+00,9.583662852486951067e+01,1.495356475318949840e+01,8.895074405911992699e+01,4.016694548155613775e-01,1.422189779748913807e+00
1.056666666666666643e+01,8.031656094483738073e+00,9.631121057513263395e+01,1.673359421759588628e+01,8.827733792837720728e+01,1.090035061953846356e-02,6.608490085062551644e-01
1.059999999999999964e+01,1.103247324089769243e+01,9.654203814621187973e+01,2.019059162454045975e+01,8.802506598911803337e+01,6.712412803147328466e-01,1.011917299626051481e+00
1.063333333333333286e+01,8.793730354169232655e+00,9.509739973797900348e+01,1.724145939893997337e+01,8.877591747782376785e+01,6.010239750368234768e-01,1.799404753160804837e+00
1.066666666666666607e+01,9.865806943084367120e+00,9.441862046698916799e+01,1.875266707932669519e+01,8.949961290120776880e+01,5.732839008061776376e-01,1.382470699506963996e+00
1.069999999999999929e+01,9.782407031807286657e+00,9.591494636643102467e+01,1.534376604776386799e+01,9.077074874539199811e+01,4.393945112964277588e-01,1.604143692414284672e+00
1.073333333333333250e+01,1.067398122022251705e+01,9.654203814621187973e+01,1.379380861217654797e+01,9.102761678644166921e+01,2.397023035788030942e-01,6.047062715919519077e-02
1.076666666666666572e+01,9.233323509277202135e+00,9.494833375002436071e+01,1.205078488340955190e+01,9.177408085881789646e+01,4.855644801389388809e-01,6.422656202875756670e-02
1.080000000000000071e+01,1.040771131249005776e+01,9.420898492417022396e+01,1.027535816487813491e+01,9.077772299426362679e+01,1.797964458395661380e-01,6.450095291357047511e-01
1.083333333333333393e+01,8.130102354155980038e+00,9.376403486490572448e+01,1.082745310382538761e+01,9.025925515150139233e+01,9.827319631048748727e-01,1.350134583357446572e-01
1.086666666666666714e+01,6.115503566285407366e+00,9.505022842483280954e+01,1.149656301758578003e+01,8.866778014613036873e+01,1.251019137596097952e+00,5.367061230264187355e-01
1.090000000000000036e+01,8.987637298208476011e+00,9.367449952082965581e+01,1.311343822985668872e+01,8.789834567232871620e+01,2.322742628155013200e+00,1.880440586829826399e+00
1.093333333333333357e+01,9.702857232852375446e+00,9.395424771552110599e+01,1.273429079534760433e+01,8.629157184286955840e+01,4.190334001886296122e-01,2.590628190954735732e+00
1.096666666666666679e+01,1.082301122620709855e+01,9.329214711299601959e+01,1.586265837068808615e+01,8.820206814309948129e+01,2.750705972477459627e-01,1.462219874713615475e+00
